,Coefficient,Standard Error,Observations
log_dist,-0.4223,0.288,1472
contig,0.7268,0.295,1472
comlang_off,3.1927,2.399,1472
col_dep_ever,11.0263,2.395,1472
fta_wto,0.1381,0.191,1472
iso3num_d_year_fe_4.0201,2.2425,2.819,1472
iso3num_d_year_fe_4.02015,7.4178,0.44899999999999995,1472
iso3num_d_year_fe_8.02,0.1665,2.693,1472
iso3num_d_year_fe_8.02005,-1.5984,2.794,1472
iso3num_d_year_fe_8.0201,-2.4103,2.655,1472
iso3num_d_year_fe_8.02015,6.6637,0.621,1472
iso3num_d_year_fe_12.01995,-0.2653,2.595,1472
iso3num_d_year_fe_12.0201,-0.0111,2.686,1472
iso3num_d_year_fe_12.02015,11.5643,0.56,1472
iso3num_d_year_fe_24.02,-4.5877,2.594,1472
iso3num_d_year_fe_24.02005,-2.5702,2.831,1472
iso3num_d_year_fe_24.0201,-0.9703,2.688,1472
iso3num_d_year_fe_31.02005,-3.057,2.808,1472
iso3num_d_year_fe_31.0201,-0.5568,2.857,1472
iso3num_d_year_fe_31.02015,7.2351,0.717,1472
iso3num_d_year_fe_32.01995,-0.2431,0.848,1472
iso3num_d_year_fe_32.02,0.4636,0.871,1472
iso3num_d_year_fe_32.02005,-0.7091,0.649,1472
iso3num_d_year_fe_32.0201,0.525,0.527,1472
iso3num_d_year_fe_32.02015,11.3683,2.631,1472
iso3num_d_year_fe_36.02005,0.7995,2.777,1472
iso3num_d_year_fe_36.0201,2.5919,2.776,1472
iso3num_d_year_fe_36.02015,14.0949,0.314,1472
iso3num_d_year_fe_40.01995,3.252,2.726,1472
iso3num_d_year_fe_40.02,-0.0135,2.735,1472
iso3num_d_year_fe_40.02005,0.9609,2.658,1472
iso3num_d_year_fe_40.0201,-0.645,2.643,1472
iso3num_d_year_fe_40.02015,10.2426,0.232,1472
iso3num_d_year_fe_44.01995,1.0216,2.393,1472
iso3num_d_year_fe_44.02005,0.014,2.157,1472
iso3num_d_year_fe_44.0201,1.316,2.277,1472
iso3num_d_year_fe_44.02015,11.5129,0.9480000000000001,1472
iso3num_d_year_fe_48.01995,-1.4915,2.761,1472
iso3num_d_year_fe_48.02,-0.7387,2.851,1472
iso3num_d_year_fe_48.02005,-6.4566,2.773,1472
iso3num_d_year_fe_48.02015,12.0918,0.034,1472
iso3num_d_year_fe_50.02,-1.5365,2.842,1472
iso3num_d_year_fe_50.02005,2.3482,2.914,1472
iso3num_d_year_fe_50.0201,0.9446,2.839,1472
iso3num_d_year_fe_50.02015,9.1255,0.739,1472
iso3num_d_year_fe_51.0201,2.3241,2.779,1472
iso3num_d_year_fe_51.02015,5.6344,0.218,1472
iso3num_d_year_fe_52.01995,1.0646,2.218,1472
iso3num_d_year_fe_52.02,-0.2276,2.265,1472
iso3num_d_year_fe_52.02005,1.2986,2.151,1472
iso3num_d_year_fe_52.0201,2.5179,2.278,1472
iso3num_d_year_fe_52.02015,12.4032,1.12,1472
iso3num_d_year_fe_56.01995,2.5806,2.645,1472
iso3num_d_year_fe_56.02005,0.7078,2.631,1472
iso3num_d_year_fe_56.0201,2.693,2.657,1472
iso3num_d_year_fe_56.02015,13.9801,0.297,1472
iso3num_d_year_fe_60.01995,-0.4095,2.45,1472
iso3num_d_year_fe_60.02,-2.0827,2.4769999999999994,1472
iso3num_d_year_fe_60.02005,-4.0199,2.322,1472
iso3num_d_year_fe_60.0201,0.1096,2.369,1472
iso3num_d_year_fe_60.02015,7.9187,0.892,1472
iso3num_d_year_fe_68.01995,-1.2622,0.758,1472
iso3num_d_year_fe_68.02,-0.8514,0.759,1472
iso3num_d_year_fe_68.02005,-1.3812,0.589,1472
iso3num_d_year_fe_68.0201,-4.7171,0.5,1472
iso3num_d_year_fe_68.02015,9.3534,2.77,1472
iso3num_d_year_fe_70.02005,0.8989,2.681,1472
iso3num_d_year_fe_70.02015,6.9232,0.555,1472
iso3num_d_year_fe_76.01995,4.7671,2.465,1472
iso3num_d_year_fe_76.02,3.8868,2.5650000000000004,1472
iso3num_d_year_fe_76.02005,2.6395,2.548,1472
iso3num_d_year_fe_76.0201,1.6352,2.583,1472
iso3num_d_year_fe_76.02015,13.7412,0.3,1472
iso3num_d_year_fe_84.01995,-4.1054,0.879,1472
iso3num_d_year_fe_84.02,-1.2947,0.747,1472
iso3num_d_year_fe_84.02005,-2.597,0.735,1472
iso3num_d_year_fe_84.0201,-2.2252,0.789,1472
iso3num_d_year_fe_84.02015,9.2669,2.907,1472
iso3num_d_year_fe_96.0201,-3.1106,2.93,1472
iso3num_d_year_fe_96.02015,7.1101,0.663,1472
iso3num_d_year_fe_100.02,-1.5157,2.764,1472
iso3num_d_year_fe_100.02005,1.5059,2.662,1472
iso3num_d_year_fe_100.02015,9.2848,0.533,1472
iso3num_d_year_fe_104.01995,-1.3897,2.877,1472
iso3num_d_year_fe_108.01995,-0.5909,2.801,1472
iso3num_d_year_fe_108.02,-0.0783,2.64,1472
iso3num_d_year_fe_112.02,-0.5645,2.776,1472
iso3num_d_year_fe_112.02005,-2.4661,2.7009999999999996,1472
iso3num_d_year_fe_112.0201,-6.2691,2.695,1472
iso3num_d_year_fe_112.02015,12.3807,0.829,1472
iso3num_d_year_fe_116.01995,-0.4788,2.905,1472
iso3num_d_year_fe_116.0201,-0.4208,2.953,1472
iso3num_d_year_fe_120.01995,-2.415,2.676,1472
iso3num_d_year_fe_120.02,-2.4984,2.792,1472
iso3num_d_year_fe_120.02005,2.9401,2.736,1472
iso3num_d_year_fe_120.0201,1.209,2.719,1472
iso3num_d_year_fe_120.02015,14.1229,0.608,1472
iso3num_d_year_fe_124.01995,3.1141,2.4539999999999997,1472
iso3num_d_year_fe_124.02,3.2257,2.362,1472
iso3num_d_year_fe_124.0201,4.1481,2.537,1472
iso3num_d_year_fe_124.02015,13.4127,0.321,1472
iso3num_d_year_fe_132.0201,-3.4986,2.626,1472
iso3num_d_year_fe_140.02015,6.9773,0.734,1472
iso3num_d_year_fe_144.02,-3.0618,2.807,1472
iso3num_d_year_fe_144.02005,-3.2881,2.784,1472
iso3num_d_year_fe_144.0201,-4.4628,2.926,1472
iso3num_d_year_fe_144.02015,9.9272,0.264,1472
iso3num_d_year_fe_152.01995,0.1311,0.691,1472
iso3num_d_year_fe_152.02005,0.0665,0.715,1472
iso3num_d_year_fe_152.0201,0.8322,0.56,1472
iso3num_d_year_fe_156.01995,3.7929,2.887,1472
iso3num_d_year_fe_156.02,4.5609,2.767,1472
iso3num_d_year_fe_156.02005,3.4987,2.776,1472
iso3num_d_year_fe_156.0201,3.7914,2.844,1472
iso3num_d_year_fe_156.02015,14.3158,0.75,1472
iso3num_d_year_fe_170.01995,-1.5104,0.6570000000000001,1472
iso3num_d_year_fe_170.0201,-0.2452,0.596,1472
iso3num_d_year_fe_170.02015,9.469,3.034,1472
iso3num_d_year_fe_178.01995,-0.7108,2.639,1472
iso3num_d_year_fe_178.0201,-6.8361,2.808,1472
iso3num_d_year_fe_188.01995,-0.8703,0.752,1472
iso3num_d_year_fe_188.02,-0.2342,0.639,1472
iso3num_d_year_fe_188.02005,-0.1357,0.726,1472
iso3num_d_year_fe_188.0201,-0.5445,0.558,1472
iso3num_d_year_fe_188.02015,10.1561,3.011,1472
iso3num_d_year_fe_191.01995,-1.8186,2.725,1472
iso3num_d_year_fe_191.02,2.9625,2.711,1472
iso3num_d_year_fe_191.02005,-2.9951,2.663,1472
iso3num_d_year_fe_191.0201,1.7741,2.772,1472
iso3num_d_year_fe_192.01995,-1.3723,0.835,1472
iso3num_d_year_fe_192.02,0.7158,0.712,1472
iso3num_d_year_fe_192.02005,-0.7456,0.694,1472
iso3num_d_year_fe_192.0201,0.4271,0.599,1472
iso3num_d_year_fe_192.02015,8.8937,2.956,1472
iso3num_d_year_fe_196.01995,-1.556,2.763,1472
iso3num_d_year_fe_196.0201,0.1914,2.691,1472
iso3num_d_year_fe_196.02015,4.9334,0.765,1472
iso3num_d_year_fe_203.02,-7.9966,2.6649999999999996,1472
iso3num_d_year_fe_203.02005,-0.4059,2.711,1472
iso3num_d_year_fe_203.0201,1.1285,2.638,1472
iso3num_d_year_fe_203.02015,12.5367,0.23,1472
iso3num_d_year_fe_204.02,-4.2802,2.756,1472
iso3num_d_year_fe_204.02005,-5.1538,2.731,1472
iso3num_d_year_fe_204.0201,-2.2512,2.765,1472
iso3num_d_year_fe_204.02015,4.4643,0.322,1472
iso3num_d_year_fe_208.01995,0.3658,2.7280000000000006,1472
iso3num_d_year_fe_208.02005,0.4174,2.73,1472
iso3num_d_year_fe_208.0201,2.5971,2.7200000000000006,1472
iso3num_d_year_fe_208.02015,12.7501,0.717,1472
iso3num_d_year_fe_214.01995,-0.4927,0.736,1472
iso3num_d_year_fe_214.02,0.5378,0.684,1472
iso3num_d_year_fe_214.02005,-0.1582,0.647,1472
iso3num_d_year_fe_214.02015,10.7542,2.952,1472
iso3num_d_year_fe_218.01995,-0.9228,0.625,1472
iso3num_d_year_fe_218.02,0.8333,0.566,1472
iso3num_d_year_fe_218.02005,-0.6259,0.646,1472
iso3num_d_year_fe_218.0201,-0.1481,0.332,1472
iso3num_d_year_fe_218.02015,9.9232,2.873,1472
iso3num_d_year_fe_222.01995,0.3645,0.713,1472
iso3num_d_year_fe_222.02,0.5185,0.677,1472
iso3num_d_year_fe_222.02005,-0.9476,0.707,1472
iso3num_d_year_fe_222.0201,0.2602,0.59,1472
iso3num_d_year_fe_222.02015,9.5983,2.919,1472
iso3num_d_year_fe_231.02005,-0.8762,2.761,1472
iso3num_d_year_fe_231.0201,-6.1773,2.768,1472
iso3num_d_year_fe_231.02015,12.3748,0.157,1472
iso3num_d_year_fe_233.01995,-1.6482,2.793,1472
iso3num_d_year_fe_233.02,-2.2475,2.6500000000000004,1472
iso3num_d_year_fe_233.02005,-4.2685,2.636,1472
iso3num_d_year_fe_233.0201,-4.6487,2.735,1472
iso3num_d_year_fe_233.02015,9.5012,0.299,1472
iso3num_d_year_fe_242.0201,-2.8522,2.785,1472
iso3num_d_year_fe_242.02015,12.9864,0.866,1472
iso3num_d_year_fe_246.01995,3.8155,2.7,1472
iso3num_d_year_fe_246.02,-1.1324,2.698,1472
iso3num_d_year_fe_246.02005,-1.5058,2.652,1472
iso3num_d_year_fe_246.0201,0.2709,2.689,1472
iso3num_d_year_fe_246.02015,13.488,0.807,1472
iso3num_d_year_fe_250.01995,4.3012,2.7219999999999995,1472
iso3num_d_year_fe_250.02005,3.1457,2.597,1472
iso3num_d_year_fe_250.0201,3.2651,2.659,1472
iso3num_d_year_fe_250.02015,12.6209,0.234,1472
iso3num_d_year_fe_266.0201,-1.4247,2.781,1472
iso3num_d_year_fe_266.02015,10.9682,0.62,1472
iso3num_d_year_fe_268.02005,-0.9859,2.866,1472
iso3num_d_year_fe_268.02015,6.0919,0.881,1472
iso3num_d_year_fe_270.02005,-2.3806,2.543,1472
iso3num_d_year_fe_270.0201,-1.0414,2.738,1472
iso3num_d_year_fe_275.02,1.7006,2.824,1472
iso3num_d_year_fe_275.02005,-0.2968,2.691,1472
iso3num_d_year_fe_275.0201,-0.9517,2.809,1472
iso3num_d_year_fe_275.02015,12.805,0.722,1472
iso3num_d_year_fe_276.01995,3.9089,2.6340000000000003,1472
iso3num_d_year_fe_276.02,2.8744,2.635,1472
iso3num_d_year_fe_276.02005,3.1232,2.675,1472
iso3num_d_year_fe_276.0201,4.2215,2.698,1472
iso3num_d_year_fe_276.02015,13.7142,0.414,1472
iso3num_d_year_fe_288.01995,-1.488,2.662,1472
iso3num_d_year_fe_288.02,0.3022,2.706,1472
iso3num_d_year_fe_288.02005,-0.8495,2.806,1472
iso3num_d_year_fe_288.02015,9.5578,0.226,1472
iso3num_d_year_fe_300.01995,5.3509,2.667,1472
iso3num_d_year_fe_300.02,-0.2412,2.667,1472
iso3num_d_year_fe_300.02005,1.3606,2.645,1472
iso3num_d_year_fe_300.0201,1.5362,2.738,1472
iso3num_d_year_fe_300.02015,13.714,0.8820000000000001,1472
iso3num_d_year_fe_320.01995,0.18,0.8549999999999999,1472
iso3num_d_year_fe_320.02,0.2597,0.741,1472
iso3num_d_year_fe_320.0201,0.483,0.563,1472
iso3num_d_year_fe_320.02015,10.8222,2.775,1472
iso3num_d_year_fe_332.01995,0.7315,2.139,1472
iso3num_d_year_fe_340.01995,-0.235,0.677,1472
iso3num_d_year_fe_340.02,0.7856,0.677,1472
iso3num_d_year_fe_340.02005,-0.2976,0.756,1472
iso3num_d_year_fe_340.0201,0.4138,0.638,1472
iso3num_d_year_fe_340.02015,9.663,2.883,1472
iso3num_d_year_fe_344.01995,3.2006,2.957,1472
iso3num_d_year_fe_344.02,4.3728,2.837,1472
iso3num_d_year_fe_344.02005,4.1115,2.835,1472
iso3num_d_year_fe_344.0201,3.2293,2.858,1472
iso3num_d_year_fe_344.02015,13.9446,0.435,1472
iso3num_d_year_fe_348.01995,0.9969,2.752,1472
iso3num_d_year_fe_348.0201,-0.437,2.7419999999999995,1472
iso3num_d_year_fe_348.02015,7.9685,0.845,1472
iso3num_d_year_fe_352.01995,-3.2206,2.664,1472
iso3num_d_year_fe_352.02,-2.6861,2.5650000000000004,1472
iso3num_d_year_fe_352.02005,1.2787,2.586,1472
iso3num_d_year_fe_352.0201,-3.4825,2.623,1472
iso3num_d_year_fe_352.02015,8.7774,0.151,1472
iso3num_d_year_fe_356.02,1.3648,2.847,1472
iso3num_d_year_fe_356.02005,1.6419,2.79,1472
iso3num_d_year_fe_356.0201,3.6076,2.915,1472
iso3num_d_year_fe_356.02015,14.3162,0.465,1472
iso3num_d_year_fe_360.01995,-2.0657,2.932,1472
iso3num_d_year_fe_360.02,0.8597,2.909,1472
iso3num_d_year_fe_360.02005,-0.741,2.935,1472
iso3num_d_year_fe_360.0201,3.3198,2.922,1472
iso3num_d_year_fe_360.02015,11.8338,0.157,1472
iso3num_d_year_fe_364.02005,-3.1383,2.705,1472
iso3num_d_year_fe_364.0201,-0.0285,2.914,1472
iso3num_d_year_fe_364.02015,12.4123,0.774,1472
iso3num_d_year_fe_368.02005,-1.0871,2.785,1472
iso3num_d_year_fe_368.0201,-8.0143,2.826,1472
iso3num_d_year_fe_368.02015,7.9437,0.037,1472
iso3num_d_year_fe_372.01995,-0.153,2.58,1472
iso3num_d_year_fe_372.02,-1.33,2.636,1472
iso3num_d_year_fe_372.02005,2.6254,2.673,1472
iso3num_d_year_fe_372.0201,-3.6754,2.591,1472
iso3num_d_year_fe_372.02015,12.9083,0.505,1472
iso3num_d_year_fe_376.01995,2.7838,2.852,1472
iso3num_d_year_fe_376.02,2.2868,2.771,1472
iso3num_d_year_fe_376.02005,2.0071,2.868,1472
iso3num_d_year_fe_376.0201,2.32,2.797,1472
iso3num_d_year_fe_376.02015,12.774,0.404,1472
iso3num_d_year_fe_380.01995,1.4407,2.625,1472
iso3num_d_year_fe_380.02,1.7328,2.656,1472
iso3num_d_year_fe_380.02005,4.5737,2.637,1472
iso3num_d_year_fe_380.0201,4.0676,2.714,1472
iso3num_d_year_fe_384.01995,-2.4398,2.644,1472
iso3num_d_year_fe_384.0201,2.6125,2.741,1472
iso3num_d_year_fe_384.02015,12.1088,0.59,1472
iso3num_d_year_fe_388.01995,2.4675,2.068,1472
iso3num_d_year_fe_388.02,3.312,2.058,1472
iso3num_d_year_fe_388.02005,2.2042,2.096,1472
iso3num_d_year_fe_388.0201,3.3781,2.002,1472
iso3num_d_year_fe_392.01995,3.1662,2.829,1472
iso3num_d_year_fe_392.02,4.7305,2.76,1472
iso3num_d_year_fe_392.02005,1.9013,2.766,1472
iso3num_d_year_fe_392.0201,3.4557,2.764,1472
iso3num_d_year_fe_392.02015,9.5389,0.748,1472
iso3num_d_year_fe_398.02015,9.3257,0.048,1472
iso3num_d_year_fe_400.01995,-0.9986,2.851,1472
iso3num_d_year_fe_400.02005,-3.7427,2.705,1472
iso3num_d_year_fe_400.0201,-7.623,2.831,1472
iso3num_d_year_fe_400.02015,10.7269,0.774,1472
iso3num_d_year_fe_404.01995,-3.5874,2.833,1472
iso3num_d_year_fe_404.02,-8.1305,2.868,1472
iso3num_d_year_fe_404.02005,0.4672,2.79,1472
iso3num_d_year_fe_404.0201,-1.5089,2.726,1472
iso3num_d_year_fe_404.02015,9.3932,0.658,1472
iso3num_d_year_fe_410.01995,0.7784,2.803,1472
iso3num_d_year_fe_410.02,1.1869,2.765,1472
iso3num_d_year_fe_410.02005,3.4027,2.793,1472
iso3num_d_year_fe_410.0201,4.8532,2.838,1472
iso3num_d_year_fe_410.02015,14.7722,0.243,1472
iso3num_d_year_fe_414.01995,-1.2547,2.832,1472
iso3num_d_year_fe_414.02,-1.0666,2.839,1472
iso3num_d_year_fe_414.0201,-0.982,2.767,1472
iso3num_d_year_fe_417.02005,-6.8421,2.831,1472
iso3num_d_year_fe_417.02015,9.0605,0.797,1472
iso3num_d_year_fe_418.0201,-4.3546,2.949,1472
iso3num_d_year_fe_422.01995,-0.5031,2.771,1472
iso3num_d_year_fe_422.02,1.4941,2.671,1472
iso3num_d_year_fe_422.0201,2.3671,2.858,1472
iso3num_d_year_fe_422.02015,11.0183,0.0,1472
iso3num_d_year_fe_428.01995,-1.2306,2.828,1472
iso3num_d_year_fe_428.02005,-7.2657,2.841,1472
iso3num_d_year_fe_428.02015,7.5678,0.854,1472
iso3num_d_year_fe_440.01995,1.162,2.764,1472
iso3num_d_year_fe_440.02,-7.7587,2.76,1472
iso3num_d_year_fe_440.0201,-1.5484,2.739,1472
iso3num_d_year_fe_440.02015,10.6421,0.172,1472
iso3num_d_year_fe_442.02005,-5.2506,2.713,1472
iso3num_d_year_fe_442.0201,-0.2601,2.703,1472
iso3num_d_year_fe_442.02015,8.4777,0.52,1472
iso3num_d_year_fe_446.02005,-4.5034,2.841,1472
iso3num_d_year_fe_446.0201,0.5617,2.893,1472
iso3num_d_year_fe_450.02,-1.153,2.75,1472
iso3num_d_year_fe_450.02005,-2.2593,2.843,1472
iso3num_d_year_fe_454.02,-4.0306,2.856,1472
iso3num_d_year_fe_454.0201,1.392,2.795,1472
iso3num_d_year_fe_454.02015,8.8687,0.741,1472
iso3num_d_year_fe_458.01995,-0.02,2.913,1472
iso3num_d_year_fe_458.02,3.3542,2.784,1472
iso3num_d_year_fe_458.02005,1.7794,2.819,1472
iso3num_d_year_fe_458.0201,1.6673,2.902,1472
iso3num_d_year_fe_458.02015,13.7379,0.234,1472
iso3num_d_year_fe_462.0201,-5.6983,2.86,1472
iso3num_d_year_fe_470.0201,0.606,2.689,1472
iso3num_d_year_fe_470.02015,8.4524,0.46,1472
iso3num_d_year_fe_480.01995,0.1757,2.812,1472
iso3num_d_year_fe_480.02,-1.6028,2.89,1472
iso3num_d_year_fe_480.0201,-0.7232,2.816,1472
iso3num_d_year_fe_480.02015,6.5085,0.4630000000000001,1472
iso3num_d_year_fe_484.01995,-0.3062,0.669,1472
iso3num_d_year_fe_484.02,1.0916,0.603,1472
iso3num_d_year_fe_484.0201,0.3932,0.468,1472
iso3num_d_year_fe_484.02015,11.0929,2.666,1472
iso3num_d_year_fe_496.0201,0.9816,2.889,1472
iso3num_d_year_fe_498.02005,-6.4711,2.797,1472
iso3num_d_year_fe_498.02015,9.2324,0.0,1472
iso3num_d_year_fe_499.0201,-0.2145,2.782,1472
iso3num_d_year_fe_499.02015,7.8019,0.536,1472
iso3num_d_year_fe_504.01995,0.001,2.5620000000000003,1472
iso3num_d_year_fe_504.02,1.5817,2.595,1472
iso3num_d_year_fe_504.02005,-1.0651,2.774,1472
iso3num_d_year_fe_504.0201,-5.6125,2.688,1472
iso3num_d_year_fe_504.02015,9.1259,0.681,1472
iso3num_d_year_fe_508.02005,-1.4392,2.729,1472
iso3num_d_year_fe_508.0201,-0.5583,2.837,1472
iso3num_d_year_fe_508.02015,11.1191,0.704,1472
iso3num_d_year_fe_512.02005,-4.1475,2.756,1472
iso3num_d_year_fe_512.0201,-6.6934,2.935,1472
iso3num_d_year_fe_516.02,-2.606,2.7419999999999995,1472
iso3num_d_year_fe_516.02005,-8.2752,2.868,1472
iso3num_d_year_fe_516.02015,7.5004,0.748,1472
iso3num_d_year_fe_524.02015,2.6343,0.708,1472
iso3num_d_year_fe_528.01995,-0.1731,2.616,1472
iso3num_d_year_fe_528.02,4.6932,2.729,1472
iso3num_d_year_fe_528.02005,3.1028,2.671,1472
iso3num_d_year_fe_528.0201,3.9382,2.643,1472
iso3num_d_year_fe_528.02015,13.2994,0.287,1472
iso3num_d_year_fe_554.01995,1.9677,2.791,1472
iso3num_d_year_fe_554.02,0.9968,2.711,1472
iso3num_d_year_fe_554.02005,0.2668,2.782,1472
iso3num_d_year_fe_554.0201,2.7764,2.813,1472
iso3num_d_year_fe_554.02015,10.9497,0.197,1472
iso3num_d_year_fe_558.01995,-3.7383,0.727,1472
iso3num_d_year_fe_558.02,-0.4683,0.743,1472
iso3num_d_year_fe_558.02005,-1.9896,0.849,1472
iso3num_d_year_fe_558.0201,-3.2225,0.881,1472
iso3num_d_year_fe_558.02015,9.1897,3.112,1472
iso3num_d_year_fe_562.02,-5.6109,2.55,1472
iso3num_d_year_fe_566.01995,2.0361,2.595,1472
iso3num_d_year_fe_566.02,1.0154,2.604,1472
iso3num_d_year_fe_566.02005,-2.319,2.712,1472
iso3num_d_year_fe_566.0201,-1.1326,2.6500000000000004,1472
iso3num_d_year_fe_578.01995,0.7771,2.695,1472
iso3num_d_year_fe_578.02005,1.6866,2.623,1472
iso3num_d_year_fe_578.0201,3.4468,2.635,1472
iso3num_d_year_fe_578.02015,11.609,0.23,1472
iso3num_d_year_fe_586.02,-1.7187,2.803,1472
iso3num_d_year_fe_586.02005,-1.7054,2.811,1472
iso3num_d_year_fe_586.0201,0.8133,2.848,1472
iso3num_d_year_fe_586.02015,13.5384,0.684,1472
iso3num_d_year_fe_591.01995,-1.2266,0.691,1472
iso3num_d_year_fe_591.02,-0.0269,0.726,1472
iso3num_d_year_fe_591.02005,-1.2013,0.716,1472
iso3num_d_year_fe_591.02015,9.6704,3.005,1472
iso3num_d_year_fe_598.0201,-3.452,2.79,1472
iso3num_d_year_fe_600.01995,-2.4115,1.071,1472
iso3num_d_year_fe_600.02005,-1.1629,0.723,1472
iso3num_d_year_fe_600.0201,-0.4603,0.947,1472
iso3num_d_year_fe_600.02015,9.937,2.71,1472
iso3num_d_year_fe_604.01995,-0.6243,0.59,1472
iso3num_d_year_fe_604.02,-0.0434,0.742,1472
iso3num_d_year_fe_604.02005,-0.7525,0.595,1472
iso3num_d_year_fe_604.0201,-0.1942,0.329,1472
iso3num_d_year_fe_604.02015,9.7453,2.691,1472
iso3num_d_year_fe_608.02,3.9071,2.798,1472
iso3num_d_year_fe_608.02005,1.0645,2.841,1472
iso3num_d_year_fe_608.0201,0.2097,2.861,1472
iso3num_d_year_fe_608.02015,8.7946,0.273,1472
iso3num_d_year_fe_616.02005,3.1098,2.734,1472
iso3num_d_year_fe_616.0201,-0.4289,2.706,1472
iso3num_d_year_fe_616.02015,11.1243,0.349,1472
iso3num_d_year_fe_620.01995,-0.9709,2.558,1472
iso3num_d_year_fe_620.02,0.8602,2.599,1472
iso3num_d_year_fe_620.02005,-2.9026,2.754,1472
iso3num_d_year_fe_620.0201,3.875,2.622,1472
iso3num_d_year_fe_620.02015,10.8456,0.178,1472
iso3num_d_year_fe_634.02,-1.4281,2.856,1472
iso3num_d_year_fe_634.02005,1.5101,2.88,1472
iso3num_d_year_fe_634.0201,0.7002,2.778,1472
iso3num_d_year_fe_634.02015,12.1596,0.053,1472
iso3num_d_year_fe_642.01995,0.9794,2.652,1472
iso3num_d_year_fe_642.02,1.8215,2.612,1472
iso3num_d_year_fe_642.02005,-1.2814,2.804,1472
iso3num_d_year_fe_642.0201,1.4015,2.733,1472
iso3num_d_year_fe_642.02015,12.8628,0.644,1472
iso3num_d_year_fe_643.02,4.419,2.714,1472
iso3num_d_year_fe_643.02005,0.27,2.672,1472
iso3num_d_year_fe_643.0201,1.829,2.719,1472
iso3num_d_year_fe_643.02015,10.5955,0.229,1472
iso3num_d_year_fe_646.0201,-3.9895,2.841,1472
iso3num_d_year_fe_646.02015,10.3494,0.752,1472
iso3num_d_year_fe_662.01995,-0.2664,2.357,1472
iso3num_d_year_fe_662.02,1.242,2.244,1472
iso3num_d_year_fe_662.02005,0.9164,2.257,1472
iso3num_d_year_fe_662.0201,1.3049,2.268,1472
iso3num_d_year_fe_662.02015,11.8745,0.803,1472
iso3num_d_year_fe_682.01995,-0.3823,2.877,1472
iso3num_d_year_fe_682.02,0.6414,2.703,1472
iso3num_d_year_fe_682.02005,2.4187,2.706,1472
iso3num_d_year_fe_682.0201,2.9526,2.791,1472
iso3num_d_year_fe_682.02015,14.0008,0.401,1472
iso3num_d_year_fe_686.01995,-3.2676,2.606,1472
iso3num_d_year_fe_686.0201,-1.5059,2.727,1472
iso3num_d_year_fe_686.02015,10.7496,0.714,1472
iso3num_d_year_fe_688.0201,-1.4341,2.768,1472
iso3num_d_year_fe_688.02015,7.9878,0.711,1472
iso3num_d_year_fe_694.01995,-1.867,2.563,1472
iso3num_d_year_fe_694.02015,8.053,0.886,1472
iso3num_d_year_fe_702.01995,2.464,2.878,1472
iso3num_d_year_fe_702.02,3.1116,2.884,1472
iso3num_d_year_fe_702.02005,0.755,2.846,1472
iso3num_d_year_fe_702.0201,2.2529,2.878,1472
iso3num_d_year_fe_702.02015,14.1761,0.661,1472
iso3num_d_year_fe_703.01995,-0.508,2.769,1472
iso3num_d_year_fe_703.02,-1.8771,2.673,1472
iso3num_d_year_fe_703.02005,4.1973,2.6500000000000004,1472
iso3num_d_year_fe_703.0201,1.3967,2.752,1472
iso3num_d_year_fe_703.02015,10.2678,0.262,1472
iso3num_d_year_fe_704.02,3.5189,2.902,1472
iso3num_d_year_fe_704.02005,1.8746,2.904,1472
iso3num_d_year_fe_704.0201,2.4395,2.867,1472
iso3num_d_year_fe_704.02015,14.4468,0.213,1472
iso3num_d_year_fe_705.01995,0.5238,2.708,1472
iso3num_d_year_fe_705.02,-0.427,2.7579999999999996,1472
iso3num_d_year_fe_705.02005,2.2848,2.69,1472
iso3num_d_year_fe_705.0201,0.6654,2.682,1472
iso3num_d_year_fe_705.02015,12.5227,0.8669999999999999,1472
iso3num_d_year_fe_710.01995,2.2317,2.766,1472
iso3num_d_year_fe_710.02005,2.039,2.673,1472
iso3num_d_year_fe_710.0201,-0.2573,2.761,1472
iso3num_d_year_fe_710.02015,12.752,0.705,1472
iso3num_d_year_fe_716.01995,-5.0968,2.855,1472
iso3num_d_year_fe_716.0201,-0.7597,2.887,1472
iso3num_d_year_fe_724.02005,-11.2436,2.664,1472
iso3num_d_year_fe_724.0201,-10.5656,2.6830000000000003,1472
iso3num_d_year_fe_736.02,1.6522,2.817,1472
iso3num_d_year_fe_740.01995,-0.9078,2.339,1472
iso3num_d_year_fe_740.02,0.4864,2.394,1472
iso3num_d_year_fe_740.02005,0.1823,2.376,1472
iso3num_d_year_fe_740.0201,1.4675,2.36,1472
iso3num_d_year_fe_748.0201,-5.1413,2.768,1472
iso3num_d_year_fe_748.02015,2.8187,0.6790000000000002,1472
iso3num_d_year_fe_752.01995,3.4831,2.793,1472
iso3num_d_year_fe_752.02,3.0756,2.645,1472
iso3num_d_year_fe_752.02005,1.214,2.667,1472
iso3num_d_year_fe_752.0201,3.5568,2.737,1472
iso3num_d_year_fe_752.02015,11.5165,0.877,1472
iso3num_d_year_fe_756.01995,0.0007,2.681,1472
iso3num_d_year_fe_756.02,2.7963,2.727,1472
iso3num_d_year_fe_756.0201,3.4905,2.763,1472
iso3num_d_year_fe_756.02015,13.7518,0.48,1472
iso3num_d_year_fe_760.01995,-0.3971,2.774,1472
iso3num_d_year_fe_760.02005,-1.9246,2.726,1472
iso3num_d_year_fe_764.01995,-0.1458,2.859,1472
iso3num_d_year_fe_764.02,-0.5226,2.9,1472
iso3num_d_year_fe_764.02005,2.3706,2.813,1472
iso3num_d_year_fe_764.02015,14.0019,0.352,1472
iso3num_d_year_fe_780.02,2.7806,2.266,1472
iso3num_d_year_fe_780.02005,2.9096,2.233,1472
iso3num_d_year_fe_780.0201,3.2564,2.196,1472
iso3num_d_year_fe_780.02015,12.7199,0.648,1472
iso3num_d_year_fe_784.02,-0.9443,2.87,1472
iso3num_d_year_fe_784.02005,0.5233,2.7450000000000006,1472
iso3num_d_year_fe_784.02015,13.5523,0.62,1472
iso3num_d_year_fe_788.01995,-3.0993,2.809,1472
iso3num_d_year_fe_788.02,2.6472,2.672,1472
iso3num_d_year_fe_788.02005,-2.6933,2.724,1472
iso3num_d_year_fe_788.0201,-2.9345,2.67,1472
iso3num_d_year_fe_788.02015,7.5471,0.62,1472
iso3num_d_year_fe_792.01995,2.3558,2.887,1472
iso3num_d_year_fe_792.02,1.9006,2.676,1472
iso3num_d_year_fe_792.02005,2.6151,2.746,1472
iso3num_d_year_fe_792.0201,3.5248,2.712,1472
iso3num_d_year_fe_792.02015,12.813,0.674,1472
iso3num_d_year_fe_800.01995,-2.4246,2.765,1472
iso3num_d_year_fe_800.02,2.09,2.648,1472
iso3num_d_year_fe_800.02005,-7.7699,2.81,1472
iso3num_d_year_fe_800.0201,-5.2606,2.885,1472
iso3num_d_year_fe_804.02,-1.563,2.796,1472
iso3num_d_year_fe_804.02005,0.9249,2.661,1472
iso3num_d_year_fe_804.0201,0.8955,2.712,1472
iso3num_d_year_fe_804.02015,9.4254,0.338,1472
iso3num_d_year_fe_807.02,1.1186,2.768,1472
iso3num_d_year_fe_807.02005,-6.4622,2.655,1472
iso3num_d_year_fe_807.02015,5.7353,0.613,1472
iso3num_d_year_fe_818.02005,0.2485,2.714,1472
iso3num_d_year_fe_818.0201,-0.6092,2.77,1472
iso3num_d_year_fe_818.02015,11.0842,0.552,1472
iso3num_d_year_fe_826.01995,3.7728,2.613,1472
iso3num_d_year_fe_826.02,4.3428,2.553,1472
iso3num_d_year_fe_826.02005,3.9307,2.605,1472
iso3num_d_year_fe_826.0201,3.2405,2.645,1472
iso3num_d_year_fe_826.02015,13.637,0.306,1472
iso3num_d_year_fe_834.02,-3.1046,2.705,1472
iso3num_d_year_fe_834.02005,0.5407,2.823,1472
iso3num_d_year_fe_834.02015,7.5279,0.24600000000000002,1472
iso3num_d_year_fe_840.01995,4.465,2.377,1472
iso3num_d_year_fe_840.02,5.1336,2.365,1472
iso3num_d_year_fe_840.02005,4.0738,2.368,1472
iso3num_d_year_fe_840.0201,4.4525,2.466,1472
iso3num_d_year_fe_840.02015,14.7303,0.3,1472
iso3num_d_year_fe_854.01995,-0.3209,2.702,1472
iso3num_d_year_fe_854.02015,8.6813,0.897,1472
iso3num_d_year_fe_858.01995,-2.5651,0.69,1472
iso3num_d_year_fe_858.02,-1.3857,0.9819999999999999,1472
iso3num_d_year_fe_858.02005,-3.1687,0.903,1472
iso3num_d_year_fe_858.0201,-1.96,0.8439999999999999,1472
iso3num_d_year_fe_858.02015,10.0756,2.646,1472
iso3num_d_year_fe_862.01995,-1.1195,0.759,1472
iso3num_d_year_fe_862.02,0.0034,0.6790000000000002,1472
iso3num_d_year_fe_862.02005,-0.4495,0.561,1472
iso3num_d_year_fe_887.01995,-2.0679,2.878,1472
iso3num_d_year_fe_887.02005,-8.0235,2.7450000000000006,1472
iso3num_d_year_fe_891.02,0.0811,2.6540000000000004,1472
iso3num_d_year_fe_894.02005,-2.3429,2.813,1472
iso3num_o_year_fe_170.01995,0.8167,0.324,1472
iso3num_o_year_fe_170.02,-0.3565,0.27,1472
iso3num_o_year_fe_170.02005,1.0306,0.294,1472
iso3num_o_year_fe_170.0201,0.6627,0.24600000000000002,1472
iso3num_o_year_fe_170.02015,-9.5961,2.691,1472
iso3num_o_year_fe_188.01995,0.2006,0.318,1472
iso3num_o_year_fe_188.02,-0.159,0.281,1472
iso3num_o_year_fe_188.02005,0.9296,0.322,1472
iso3num_o_year_fe_188.0201,0.1033,0.255,1472
iso3num_o_year_fe_188.02015,-10.0853,2.6540000000000004,1472
iso3num_o_year_fe_591.02015,-10.4129,2.652,1472
